iter,theta_naive,theta_dml_of,theta_dml_cf
0,0.2690993502294433,0.03616031711426195,0.2253664777328287
1,0.36250289273285663,0.03366498322374355,0.27821289260637766
2,0.18193925811536477,-0.03154432923702613,0.3418799316650017
3,0.2503969724274194,-0.007371101075518802,0.34378406287064917
4,0.09559318112946866,0.023931735629658113,0.24020913014925638
5,0.36576448575367343,-0.09024472585700381,0.26101006046695896
6,0.39653536928322586,0.036711634471340404,0.322164667147149
7,0.2802879238960939,0.1415782235585551,0.3030803406542268
8,0.3526772764652227,0.0873231621766552,0.32743108384814695
9,0.26639694927287033,-0.006013411755094528,0.3057506378884135
10,0.3724827874632204,0.045565181279839696,0.35257804723596325
11,0.19641744967697622,0.0360648875843802,0.24218221830716613
12,0.236254828126503,-0.028199530396497648,0.23300754305897706
13,0.25868756260821735,-0.05079515733848316,0.2548471000006817
14,0.48566063175032353,-0.06827096934033675,0.2890282697645161
15,0.32211402207756085,-0.0972276468610751,0.2101239513513631
16,0.27947491304766053,0.051171567092196724,0.2621928311255578
17,0.48867541597006037,0.0583669472239493,0.295246773125804
18,0.3274572440491866,-0.09989482796659908,0.3025756326085434
19,0.16567997857280325,-0.0715282163841045,0.32220801229977336
20,0.30235455649406806,0.007224350283168823,0.22743104191155017
21,0.3160794473083443,0.06556371876124259,0.3550001139755516
22,0.29986576006800586,-0.07153618946348518,0.277778557698165
23,0.2060592587258963,0.0929731214417515,0.2478596901160185
24,0.25361700974670615,0.0396077489550472,0.3057058806525676
25,0.3913493248437384,0.02353067179803874,0.3838378411612582
26,0.32359245214785326,0.02272053220799412,0.25034453631655046
27,0.2956750189077921,-0.04374007898778771,0.370581770054089
28,0.2909042534643231,-0.05562826840127751,0.2536914841095491
29,0.35176171398875483,-0.053114896857640946,0.24867301705184053
30,0.16781467041768516,0.0425015169142114,0.35331010948948094
31,0.061543365900744225,-0.020242795409919988,0.2894879008641244
32,0.3791442335180707,-0.006056310279108681,0.24164698136337012
33,0.11597343843812216,-0.032654869767725705,0.2646739382377389
34,0.27178342561633934,-0.06997628759241935,0.2928403674666791
35,0.37162669899123735,0.01095822484664533,0.29116375901191993
36,0.31756022594240546,-0.018364531938765263,0.29044906736801007
37,0.3913438898445828,0.0928232854821914,0.32908509003685066
38,0.1978156593223839,0.06687405831472915,0.26911879682663925
39,0.3279799506113527,-0.0032326807524202346,0.28644596551135537
40,0.5015715055817261,-0.053661377560828345,0.33670107250861464
41,0.22168583402444395,-0.09434124038042577,0.26288571702268465
42,0.2770417279621962,-0.0903683324690074,0.2293201870358552
43,0.21094659364390317,-0.062066799672471515,0.30690206669057213
44,0.2763784437421203,0.011633343014128605,0.3396445179170317
45,0.23168321335949707,-0.03433696459188622,0.21320012135328917
46,0.26811136570633765,0.10845044326875636,0.2722464288900206
47,0.3448542199452337,0.0007118867907700814,0.2659714456669551
48,0.4954278297049804,0.027685023581229515,0.3385683952281161
49,0.162736694203677,0.06880647496442897,0.29461051789763404
50,0.11452484746385765,0.02965876089101995,0.25014771431089194
51,0.24245682468434865,0.07434466236358347,0.34969990455762756
52,0.24092116862796184,-0.007760213307538004,0.3191701192626277
53,0.39237796868558367,-0.07430548681144633,0.27871559171016214
54,0.2746823490919888,-0.12822064384781764,0.32408347103630875
55,0.3070703503449695,-0.08669986896836752,0.272700683788188
56,0.23762795311890425,0.016459682789230882,0.32554711235883566
57,0.254726337677005,0.1672479809172608,0.22090353525888157
58,0.24800194614507412,0.17568612824732352,0.5352738729587719
59,0.26427583992234366,-0.03166708183607857,0.24372725482388746
60,0.20142162187144258,0.0546746120385505,0.3901660648104744
61,0.43568669663317466,0.012059457269042034,0.35462223763956063
62,0.3558934344648279,-0.01873454744683263,0.2221537371833605
63,0.24749795606502922,0.0021551330484474484,0.19757259255847373
64,0.31210732400032126,-0.07756949286825637,0.3403731229139077
65,0.24173391356283028,0.06591366856106039,0.2501182046758052
66,0.4091851050632871,-0.04970449117011515,0.2757542771763541
67,0.12251444075289357,-0.0062212474544827735,0.2604652886939828
68,0.2582432922989076,-0.052760292584534484,0.31102952687769764
69,0.12924831018938537,-0.017475286117296762,0.20528200539187866
70,0.4258406795785191,0.013528826160654974,0.2977739376567664
71,0.28974420004725404,0.06496664290074514,0.20757657956252817
72,0.21919367548158186,0.051390635236274934,0.31573391092925157
73,0.27575784323427965,-0.045334632712701724,0.13047169632178113
74,0.3694525328474485,0.04368228608617721,0.27166983263303207
75,0.22643517927484275,-0.03862960845669228,0.25279014602333905
76,0.19847453661594439,0.05373163177734486,0.23912032494732366
77,0.21581867135825591,0.04443279488836245,0.27158860073944735
78,0.19093078284030496,-0.17165178958803437,0.2745753571054204
79,0.3154937228350613,-0.07450311463231171,0.20881160492266848
80,0.26305736157748427,-0.030990790004990883,0.2808347252592211
81,0.21357397683507923,-0.1423552659209127,0.2387235993666175
82,0.2306142393605242,0.06882648072781765,0.2841962370548232
83,0.34269144959804115,0.04968890661564463,0.3766621155325517
84,0.19270292915625686,-0.08990802395505958,0.29099240875948157
85,0.26605127288234814,-0.03824860027950687,0.30890380765337294
86,0.1882958501996202,0.02021681546615211,0.2337165506417552
87,0.13254162561300217,-0.05369726517959567,0.3279459991308789
88,0.2598125314187606,0.0008382399033851967,0.3274007828408568
89,0.42120439508055624,0.010701964928150247,0.2626347828713891
90,0.24281821606553386,0.05004734511643946,0.33182430706297655
91,0.18411329884401076,-0.00827852611436387,0.19424670479551126
92,0.4319825610773302,0.10872328305899133,0.30309729896644505
93,0.12296711642262455,-0.017437866601501328,0.30645633756218327
94,0.11438840734906419,-0.03355721204145945,0.35613382958063117
95,0.35916973556248527,-0.05329783619319108,0.36330553813553107
96,0.1894103895675537,-0.028895025180281402,0.19445144525874267
97,0.005356874492272494,0.11402601851132385,0.2013099753622797
98,0.28991044399061583,-0.0047997168707522185,0.2811111363611877
99,0.12593591334674992,0.08606830607613217,0.29449443149894616
100,0.3733680407915808,0.022142948453068485,0.29567221523513876
101,0.40029659696639924,-0.03513155719024813,0.23284501253078216
102,0.20012483206154022,0.03184604202268464,0.24216809270254566
103,0.429161357549956,-0.017351924716415234,0.24393715708279315
104,0.2777728934375452,-0.009346170559179925,0.28299544090712997
105,0.11667013132502736,-0.16418404267050923,0.2584678128943326
106,0.2922750051723437,-0.058414111405803035,0.29501974983628176
107,0.12611041748937205,0.039197041943151795,0.2987329163990703
108,0.47220643016740893,0.017963741415170067,0.3430729289820267
109,0.31860950239967994,-0.023407089802897862,0.2027990736274524
110,0.3151022650167843,0.0224213620333551,0.3198712366011853
111,0.06937292773932158,-0.0403440129457507,0.20854805761394496
112,0.19445220908276398,0.01210819862704849,0.2482855056338395
113,0.1619739545956938,0.03454339409019663,0.2961663408101915
114,0.3745298140792906,-0.05543769595319674,0.280244568587224
115,0.21886830461192916,0.19252210391693067,0.24887131874205978
116,0.3484285834705736,-0.06740611363997642,0.33376535670964647
117,0.3974698067062652,0.09439751551787531,0.29840320413815224
118,0.4370230457774639,0.06969863870892837,0.2368238434382279
119,0.26294088849200353,0.060916483326086845,0.2474159074883553
120,0.3301740668003235,0.002137764222812119,0.3445796531256983
121,0.24476800757257422,0.05934856209490618,0.29368688023454714
122,0.2730365313176796,-0.00670734313594285,0.29353660884484156
123,0.30036804355132213,0.07131322764559042,0.24145895810427864
124,0.2838377855293792,0.02020303813409472,0.2495548002221546
125,0.3496095908907734,-0.04851999568126625,0.21159781877506584
126,0.3115740295476853,-0.019199906600475953,0.3236032468709908
127,0.36414106916850986,0.012255252744035643,0.33143575435132805
128,0.2162432994124058,-0.0490406006297028,0.24393475470224432
129,0.314175300627946,-0.0705937212609298,0.2559443103891274
130,0.2854714107779327,-0.00047127538204306613,0.29490458562454397
131,0.33568172137109525,0.05498097656260619,0.363201380883908
132,0.12533993754125125,-0.07042499155576991,0.2722240148326793
133,0.1701583882801818,-0.003487730361308402,0.26435026886231344
134,0.28140345401577266,-0.09067763512896153,0.2472592680476026
135,0.2925544398036146,-0.004650081399234761,0.33604702594256886
136,0.23433808017522187,-0.03630711417660593,0.3060205012507451
137,0.25364238456409793,0.013882888286821916,0.3056645988694315
138,0.36177299273386976,0.04082832378381134,0.2270907160948882
139,0.2295173079949721,0.007192599981449842,0.2705064930184993
140,0.3916431229524123,0.0850667411230665,0.34744075445070827
141,0.27819691898342275,-0.03454474990102337,0.25237347462794024
142,0.25205267466033665,-0.12338013432459767,0.2080283527136991
143,0.13423559852678824,-0.07656410286487361,0.3596827816582521
144,0.3852721705052337,0.0476322352046431,0.24358911159574353
145,0.2879167367128049,-0.06031276420349271,0.2819309242135177
146,0.3466263109315124,-0.013306046728131524,0.17444122074570312
147,0.3190589035036281,-0.0597841823690228,0.26262884468852377
148,0.20769718986874744,0.053542853023581236,0.25609141554171405
149,0.190532878236089,0.0468610084451503,0.19092968984111075
150,0.38435472162304707,-0.039578436334837035,0.3043744809237326
151,0.3353272571471554,-0.03445674293145933,0.3645939194025824
152,0.26745353426565815,0.07408499966239515,0.2109348957817445
153,0.09658108208382679,0.013586367244687302,0.32337145123042205
154,0.3228262140315851,0.03869107676884638,0.24948767390149304
155,0.3039497760389079,0.006479219274286671,0.2556876902022703
156,0.4580362341648167,-0.04978054105179218,0.2738958002890902
157,0.2217352181068205,0.010212534592949346,0.2549492003835021
158,0.32764413547619003,-0.04562869249469208,0.3224606205548106
159,0.16552586873951067,0.06008921420582386,0.268174599936394
160,0.3629795071133271,-0.08341764567214056,0.334468534581597
161,0.19276013650983528,0.09332451083118092,0.2513005121646504
162,0.4632271379798335,0.003144936847152754,0.34606632974788687
163,0.32362381735046436,0.0444180511574665,0.3225999459630454
164,0.3335261681187287,-0.11197129707135775,0.24807532142899855
165,0.35704971669015695,-0.07030487140664171,0.30853238439010666
166,0.423652248069482,0.07121943247652672,0.29108514729099394
167,0.34369977373257693,-0.03776252217219845,0.24668257013373793
168,0.28923632280135747,0.07305601568512333,0.1951269389525373
169,0.20859994748451585,-0.14994314636381945,0.2664987917627156
170,0.2914734209798311,-0.037916685467041515,0.353952408333759
171,0.3181930275298197,-0.03174294800759045,0.3223371019310076
172,0.15494141024064945,0.04216952605043311,0.3250973824583965
173,0.2894090254035405,-0.020560543456540334,0.19985857841106464
174,0.24751983333524447,-0.10836464530911961,0.29760196549485934
175,0.17204033754208756,0.034355235799216635,0.21295913772400465
176,0.2950590823592714,-0.08000569292605954,0.3332923070656243
177,0.215299933685718,0.020866716688614163,0.2988480878606882
178,0.12236356143250549,-0.20699026650231045,0.28005372854580735
179,0.3147784562663549,0.030335451179105754,0.28205509316291566
180,0.371577107487462,0.014780841772294297,0.2945033956093566
181,0.29108293457846757,-0.06377454814394268,0.311130041656764
182,0.2608679578481247,-0.037796030561153736,0.3200885612118303
183,0.11905958946771686,0.01169055044542593,0.2753133865332086
184,0.34144239215233385,0.05831691669937273,0.30817388579870075
185,0.4308783134817951,-0.014728500874976028,0.1960839689411464
186,0.293727854960284,-0.08145272963650935,0.35706853356523954
187,0.36841201792060085,0.03449928061719832,0.22604835726738548
188,0.1883762267219632,-0.04554536690745109,0.24873165164209923
189,0.2153861664370156,-0.055798425458434366,0.22264626213588043
190,0.21410770369489893,0.018819634404847446,0.13534306165489982
191,0.22876342124113683,0.03497129884171448,0.34740043941516374
192,0.4039222038527522,0.0842825553232009,0.39478931626237324
193,0.41380653209354684,-0.11012754297357355,0.35571131350616597
194,0.27969134266545265,-0.01957963439354853,0.2822561439744305
195,0.30622246847097884,-0.011663025103607876,0.2531957935495337
196,0.20988944545671293,-0.04619758889730988,0.29424869922086744
197,0.34362054850141527,-0.1314875013918544,0.29082577035760915
198,0.21859935110525072,0.014647580226484347,0.2148906037339487
199,0.12928356663028243,0.03716301433417692,0.19370202130028272
200,0.2596733641838705,0.11923099026387918,0.25928068291246514
201,0.295717932182764,-0.007022745256092476,0.31028478647743035
202,0.2789221519146521,-0.054648898919347294,0.3027957548012049
203,0.2781801242400541,0.03770936753090827,0.1600149033267356
204,0.22610480324597876,0.044504268895871224,0.31913264913868894
205,0.30006534571080823,0.06203014936545854,0.2924954993869439
206,0.27966009796981256,0.03466772315497913,0.25796631580551393
207,0.18319535156096428,0.046788347467657934,0.24574813124785305
208,0.21420081466158783,-0.02858493837449699,0.3744395841998204
209,0.337445086555407,-0.027413915528240136,0.2771973846589754
210,0.2793324160280065,0.010441301796556357,0.3374454282469519
211,0.3671441208516007,-0.1026780319642824,0.40103445854703207
212,0.29701846725464087,-0.0023066083456364855,0.259327172617078
213,0.23871371087725737,-0.004698401734715871,0.22030484917977763
214,0.18883062751063107,0.03568303882655177,0.20331865072247865
215,0.37897834927899926,0.014668112759841596,0.2414779906064377
216,0.3570658965341998,0.04226460518468929,0.32063146849349244
217,0.28572834697267663,-0.015160147874856868,0.1976586535769135
218,0.2916456923980995,-0.02481333544281312,0.25685241192828906
219,0.3733540890651536,-0.033084631082015044,0.3262025964757405
220,0.21187729560839158,0.07674567000320898,0.269706431422114
221,0.26888458693365974,0.034260878432452666,0.2539035647506661
222,0.29114357233526844,-0.06885167801122281,0.29740432466383604
223,0.2571314247953087,0.05969968064020769,0.2648808825658872
224,0.3232184315593728,-0.105917857165896,0.2906928486797774
225,0.36682972028194083,-0.0831391130036411,0.2826663629152725
226,0.10355745882411176,0.010282008862394458,0.24287259073873244
227,0.16170689007449768,-0.024776466612372768,0.34460193386436166
228,0.1432860592997111,-0.14340642993354258,0.34768235822614146
229,0.3430272367128517,-0.004646496733793126,0.3009371841454888
230,0.17135910722295905,-0.04643633508815934,0.30894228525976036
231,0.27237715415757185,-0.048071625397830164,0.28376937252771517
232,0.37894904230751586,-0.032047476601200484,0.33811004788859184
233,0.36217229151611896,-0.05547814593919449,0.2973352970526562
234,0.2603860120987652,-0.025140282852504373,0.27280987020119535
235,0.36587992503227645,0.08238284661490464,0.3036637511563272
236,0.3222141833623786,0.009543228338329122,0.3080551508920894
237,0.3169568222731562,-0.005901656566453261,0.35301643049800524
238,0.3428973082327856,-0.01980730236674967,0.3088936523847504
239,0.16535794401767095,-0.034921608652133056,0.3109411271432163
240,0.1266953059723436,-0.07122640508539022,0.2966184167506552
241,0.270907265670478,0.03905868161015308,0.2570288360795705
242,0.38777167097036985,-0.03931147995795705,0.24523420699768844
243,0.23536283593413465,-0.04969585019123915,0.3345935176518519
244,0.41584705717713744,-0.10083647427220294,0.32901886552408494
245,0.22073552850597306,-0.055945998156051176,0.29284346339982
246,0.1779945425885524,-0.05467719052104703,0.27249930345187606
247,0.12488173231288022,0.06518552105974215,0.20506589152308227
248,0.32108896036398693,0.0675991404211559,0.3408048523083563
249,0.17278825989889054,-0.014482222449336574,0.21360856118520177
250,0.40871107368180776,-0.03533162509720731,0.27383948840873457
251,0.34125240750497027,0.014583637274251614,0.2688987331541481
252,0.30929694010758496,-0.06285942063067701,0.2929755086660584
253,0.2579185709491372,-0.019169960019896768,0.2753455004297628
254,0.1835396124276005,-0.032934006678555554,0.35792684417601506
255,0.25157675173962396,0.014547430827999096,0.23305705268820492
256,0.2506725179285468,-0.0618087325007181,0.33782491710239027
257,0.3144798154678971,0.11159922220966134,0.2643497717911495
258,0.17822730642267032,0.010236834276358369,0.2725962161723365
259,0.29492072759011234,-0.011847052600311849,0.29166481210698725
260,0.21976633640218712,0.08956973243389373,0.1999086040432485
261,0.30343136730804837,0.02342160230318563,0.39117703444702595
262,0.22072491998456328,-0.10152807157977696,0.3247589080598688
263,0.34209266309235165,0.05689798146875593,0.30520453063767505
264,0.47311999348606115,-0.02946082595948857,0.2440626896085223
265,0.20946935150813947,0.03610725925599146,0.23016943843195242
266,0.3295355197181217,-0.009207605813417697,0.3826016015841416
267,0.3840241187248412,-0.09795413625440134,0.2840440158576556
268,0.08771740471697725,0.07930437726247411,0.2922653489475052
269,0.30014492745389315,-0.04608602313173098,0.3452625926035447
270,0.08137018513152208,-0.015109386925967451,0.2724209321159192
271,0.3993052791854865,-0.0008591646037468967,0.2535569020979955
272,0.31427657794136526,0.11862335508146113,0.3047616491628581
273,0.20118577103473131,0.03790196797591821,0.26172627348220107
274,0.17292812567334775,-0.03396121420286074,0.35381748981740624
275,0.17157759707699283,-0.07262987961024044,0.3007533087528785
276,0.27533794709234216,-0.0014585846721052215,0.280795670978701
277,0.28244309493374176,0.016139141772606655,0.2552130012507946
278,0.29201879683064613,-0.05487250401654496,0.18539137362103744
279,0.26946239263775734,-0.023074903199135386,0.26797599450316345
280,0.27233726629013877,-0.005413792941451327,0.26414672223919483
281,0.2963234274038934,0.04518527620639239,0.24940773216806636
282,0.1676302253165761,-0.0012908632057878073,0.22643163417628376
283,0.15112475324129968,0.011930063456381802,0.31352863573507206
284,0.23005420901369594,-0.03911008362838799,0.321062364495089
285,0.23495930895123213,0.08330299322794235,0.31677641828922126
286,0.2393529416359692,0.06556162889206232,0.2683122367152594
287,0.24809497369115682,0.056951208136712804,0.2399242147823842
288,0.16774564997546,-0.029807077174664385,0.34452178688567797
289,0.20556060222226744,0.11047973273742714,0.274998074051702
290,0.30899083738276645,-0.01841597294566614,0.24199882318779348
291,0.14498252894009112,-0.04200575936795287,0.22930011070252498
292,0.20397492907143655,0.1120562519509679,0.29355268171136356
293,0.3465835160793304,-0.05612270874062957,0.30012196753862175
294,0.39259197978939997,-0.03771818765017141,0.24951566593409577
295,0.30900575757179344,0.08027430097233113,0.2680927805781468
296,0.3749411278501276,-0.03207252216578811,0.27643101939680526
297,0.073563688203194,-0.05969852954417554,0.32346443700604705
298,0.3506389659742051,-0.03605503001968266,0.3026302442048146
299,0.2114397797800728,-0.11641044388791565,0.3372111022924414
300,0.2717991828110454,0.002243017183430439,0.28053149849949494
301,0.3304494598571079,0.1526086150836947,0.2793156529804194
302,0.32073797969194984,-0.02702083355750777,0.2865300258961621
303,0.19069510945002052,0.11003109982692949,0.24207651121236048
304,0.42433244139200627,-0.0364629064554683,0.31502196121075043
305,0.2832361210211828,-0.055883557853304996,0.26105584111847985
306,0.32445734968505724,0.03115940219842945,0.3337410872261228
307,0.3100262939122525,0.031371674014542085,0.311228595787361
308,0.374064362476057,-0.09494251275103281,0.3060092550182655
309,0.2816693941619222,0.03643131948029437,0.3032323587345076
310,0.3315367788217463,0.04682668830117876,0.28974661572821603
311,0.13347094964666978,-0.008900238161033549,0.28369052250012544
312,0.09872214346966002,0.007279148226482545,0.2469555402312019
313,0.26353802985894026,0.09113796741094642,0.23920967606878252
314,0.32270657921317725,-0.027811276070209726,0.34104516551613556
315,0.3348559590410593,-0.007311985989985725,0.2787534730950178
316,0.2658838012536623,-0.06639615902907679,0.27648508877756844
317,0.41053050786306045,-0.05502064005482466,0.3296352695204244
318,0.26528784957517265,0.06151186443258649,0.3561479408030902
319,0.37336428583446635,-0.04491808212313238,0.24968642681147463
320,0.28942777322865987,0.03817993272762071,0.2834126138865747
321,0.22682218714473465,0.14852453170700447,0.3308312953178593
322,0.2071115694103069,0.06052976776463536,0.26760727753754404
323,0.19690422471032304,0.0809006194697451,0.29907382501745566
324,0.31977574505366596,-0.003341662652554294,0.26303921257827717
325,0.2264190008588444,-0.01743163027456082,0.32780105977676094
326,0.19930040032678908,-0.05484929331674517,0.21546720948744885
327,0.20850298180528318,0.05571431600647627,0.30755728131890137
328,0.19685562946606788,-0.06297614729470372,0.19126978192049512
329,0.36292287877390544,-0.11913990685169083,0.33961047804690586
330,0.19190456073130593,-0.013885502506623541,0.273690675407516
331,0.2749651354537699,0.0968919257973945,0.30860252425876356
332,0.33099804556186274,-0.052392077127434426,0.19852680807133746
333,0.2055383361471536,-0.049184623807978736,0.32081180036249607
334,0.3918210010521152,-0.005541933464322366,0.26476595917596185
335,0.3178724627853223,0.060105667566051055,0.2502062868267065
336,0.28793648977503883,-0.010681291232244684,0.306970469913527
337,0.18387680274521825,0.04759912601011898,0.1956781403686452
338,0.3906048630304316,-0.07172176645940623,0.3372334002111349
339,0.2933829960397759,-0.051592936525066795,0.2688349795515967
340,0.26616621376534977,0.036490729481477566,0.2035665908503816
341,0.19434323798170108,0.028935283080563725,0.27704505383845723
342,0.3596049733420452,-0.011805896640510566,0.2924037274084971
343,0.29299297081562287,-0.06336030768210828,0.322832881581477
344,0.26648896556078416,0.058626749069962354,0.2592129701195836
345,0.18429978601959282,0.028525452711207933,0.3442300402829557
346,0.14813223932523514,-0.014833493752313623,0.2967352664760934
347,0.285073136198782,0.05984859221269203,0.3816494100452223
348,0.15519979114314444,-0.0008925796234137925,0.2919684158688825
349,0.38935119939859525,-0.11422315946287499,0.2173886587216158
350,0.24334174371930295,-0.02019517592600368,0.3612559552776541
351,0.27190504963764456,0.02299139154242838,0.2910144681636741
352,0.2531057287884733,-0.0024909151746334113,0.29039802610781346
353,0.3377016173152121,-0.0021365799898660294,0.34920854787051064
354,0.3436941984484967,0.04981627562770198,0.3228296239363738
355,0.22000085034973496,-0.010498165954961497,0.2640739196931915
356,0.28833791740004294,0.035835374586002076,0.2829915822230129
357,0.31838409374773363,0.031448378884744874,0.3142039677931974
358,0.4367116583239199,0.017102815894475168,0.3732777794648048
359,0.24177197919212473,0.07698690595100259,0.2875606108811829
360,0.20491774527360754,0.01965688316847369,0.3462452903558482
361,0.3254725349069479,0.0391029433505768,0.29319108463452453
362,0.35170517511878996,0.08498459162656319,0.31938660653854395
363,0.2767088405001,-0.012679944675403051,0.21014874117756585
364,0.25368548048723866,-0.018905986819810316,0.3533881587217262
365,0.2723177738194189,0.04029302278829145,0.30026968703546086
366,0.36677438871338486,0.02833295689410196,0.3086651320987294
367,0.2906583015381955,0.09902760160238455,0.24728262580251087
368,0.2174627857525215,-0.058973305212652566,0.3417291596969883
369,0.22242597294451824,0.1049601479071476,0.30211527655063103
370,0.4261589236533101,-0.03446502528176451,0.4378250298208386
371,0.38438991259553784,0.09605381028508497,0.2976581101845967
372,0.2579726700142031,-0.004732337992185939,0.32780544921105087
373,0.14264255153642028,0.11157132023247496,0.21157240345562944
374,0.2613872966692701,0.0996325824493359,0.3109841369130412
375,0.305005739236679,-0.04067606520687488,0.3155675655108206
376,0.5081865976599836,-0.01263325953790878,0.12339803478983659
377,0.30475728145488884,-0.005075793991911601,0.3283801242779365
378,0.2799879405781401,-0.05410709317476397,0.2734625592103113
379,0.25677151569566353,0.010081377096259204,0.2570420903086215
380,0.1777560193683147,-0.1731849465299881,0.3023281393528706
381,0.2840411284191624,0.04016323850355602,0.21412343722819235
382,0.21080759285578932,0.08058463999654931,0.28717430976481484
383,0.30873543628628364,-0.09404680768337893,0.26789556571542344
384,0.2321380473463989,-0.03556868086170098,0.24301125876643187
385,0.2507597345941074,0.08598287371387979,0.3050275908109023
386,0.4084041809681037,0.06171902491102338,0.3547550493128928
387,0.3220128130908628,0.13569688668241747,0.26469285652363145
388,0.3412162750467586,-0.03325864052925606,0.2716256674540528
389,0.2446544296987774,-0.05156486722976944,0.26554658759498295
390,0.3492195101868005,0.08520308365334484,0.22575365706508643
391,0.26908118927697133,0.02449596634366588,0.2791153324740852
392,0.2563586467530527,0.14615079083010982,0.3029703093920243
393,0.2718317245334529,0.11437743027717301,0.22286222407006623
394,0.3257155709202018,0.09679093447434345,0.28246517075155536
395,0.20905086212399596,-0.08916637829934802,0.24789570709553882
396,0.13481783297002026,-0.012942951601881601,0.29355129309783856
397,0.24763045773265838,-0.006434560206008945,0.28014693760048665
398,0.2776884044918018,-0.019629758444433928,0.26454830560213083
399,0.24776877840341574,0.08744223295361835,0.3412384942916085
400,0.12118549373219657,0.04350680700668502,0.2369883357626342
401,0.26986935204375867,0.04115360423150484,0.33389113513256874
402,0.25764005192945505,0.016033200885217477,0.28271800706880645
403,0.23866608067343498,-0.05363650638475106,0.2669568666067554
404,0.30155157551902434,0.008885285420835899,0.2676975349593749
405,0.29930888687553786,0.08808838191690961,0.2760059817424211
406,0.4710282050575369,-0.06575810628097631,0.3133414566404248
407,0.405914181513723,-0.02354246876136728,0.2460728477336071
408,0.1352647659059037,0.02266048903636179,0.259382518698994
409,0.3896109500263591,0.04327890278647521,0.23978359139974106
410,0.21024115714958336,0.05038640477821256,0.3448031429719741
411,0.0997256795474772,-0.06599028681885678,0.28437781454112887
412,0.2846635467424601,-0.10791045819662586,0.2816079664709878
413,0.053853768797608066,-0.06776447639837954,0.16388554545567907
414,0.1866955174846851,-0.09465221372454001,0.34161373451922605
415,0.34610114684109883,0.021603895952704708,0.2360578594561366
416,0.31726039474450823,-0.01007699252090328,0.29567920945224574
417,0.18670135984580413,-0.10015983825000867,0.30075850306393076
418,0.4461491310371579,0.012298029845718709,0.38088955775109035
419,0.17435578103213104,0.05875230672602222,0.3329863687261005
420,0.23470949610159,-0.08643248069096665,0.2809268146845927
421,0.2910318165480988,0.03714817454317858,0.23545744533704221
422,0.32595904273718423,-0.02745365520012785,0.3155485341604016
423,0.28291784926057545,0.017132380231838253,0.26673576608925337
424,0.217770439397299,0.021375841614818283,0.2035073112967288
425,0.36524753749267663,0.003908780224731975,0.26836617701146465
426,0.24024537298865273,0.05982574250513893,0.20238084440668366
427,0.2790294338104742,0.03513356364768006,0.22717161559404384
428,0.46635838334974544,-0.08945191193190702,0.3368368059034384
429,0.2281159437495919,0.009339317668059333,0.33342585416279563
430,0.14823200079459545,0.05390530572665672,0.28169635240755797
431,0.4327717530927304,-0.026445936771394417,0.20457549562723532
432,0.30810186276550333,0.10701076629673874,0.2782614098667776
433,0.2103492542974086,-0.13135608839722981,0.2808738020399287
434,0.11290778675400132,0.02353851703139949,0.23365716454288948
435,0.3085334789162382,-0.036424030915831164,0.29046409759381203
436,0.21778991030223463,0.09445467868030981,0.2229819099177627
437,0.12136077099942445,0.0025914023133477536,0.28703334972147626
438,0.2968166564763508,-0.1861946230497635,0.19037639091265865
439,0.15675414112691483,-0.014402970438713594,0.23672898608197182
440,0.21870347561631265,0.05195208665993753,0.2987498823680203
441,0.352933171081156,0.09722465264583566,0.2611828054180667
442,0.31909041010594386,0.00011239202625053273,0.23586550318279526
443,0.3299303718162843,0.0321921674479445,0.3250473553944412
444,0.21095225650552357,0.05877619694046982,0.30807997398526216
445,0.4005532002536022,0.17204577226943818,0.1976435163882279
446,0.2617964596788919,-0.07028082679965766,0.2807975461601198
447,0.2750799584955353,0.07507402917911067,0.2648150262679366
448,0.27289256360960723,0.08933680169958641,0.23428938071973746
449,0.13004313428048742,-0.002044445751532589,0.3387889421272649
450,0.3343843314817791,-0.010888543302588215,0.26836518452501934
451,0.2264117618793129,0.020697525075500572,0.30416550529858954
452,0.2675263894248393,0.01796085816256273,0.23737510949422258
453,0.2631135631828802,-0.051874360386660205,0.2730620230965146
454,0.1386888920930274,-0.005031417469182263,0.22460320680295554
455,0.20168131088052987,0.05013069156885315,0.38087496077503175
456,0.3348137575953713,-0.18501856501739455,0.3302416700731222
457,0.23628196681788052,-0.05017606226480243,0.27878429503102065
458,0.3179922920931082,-0.002082486486870978,0.32666525323832457
459,0.33027274926375516,0.07838821691184998,0.30139488664730524
460,0.3613618186489357,0.05024545559581043,0.23193442262118483
461,0.2661340023423949,-0.15546039044703516,0.25889975643895385
462,0.3363453223464162,0.054700461904973144,0.2558202340648342
463,0.21004117183900803,0.07372115771022902,0.2523005243755347
464,0.34568471459682204,-0.008182208468454015,0.1801108998651756
465,0.13772187365588073,-0.07722289170471247,0.26483685445749267
466,0.2760212686880872,-0.04160684558523443,0.24572879808304832
467,0.3938175736456151,0.035442436268406576,0.3120436836734333
468,0.1700163094577124,-0.011640400127779628,0.277397196377407
469,0.3433848529653903,-0.09253539392143717,0.21469261478691626
470,0.21426379218720024,-0.0647656388784824,0.28533114541218635
471,0.305663508288839,-0.04427508835460055,0.2810036218611494
472,0.25516955479708026,0.02324248986697213,0.2552507517913489
473,0.3631859984763222,-0.0025593569387103274,0.27542140531724735
474,0.18858354468325317,-0.09514968662798448,0.28394203941627466
475,0.3466186781466901,-0.09431042788407247,0.40842542761585093
476,0.14565781578070175,-0.08912449618100027,0.24853455811042077
477,0.2731855214704463,-0.07303901005485856,0.16302754178461337
478,0.293524490430506,-0.004070259129484248,0.3170752842454068
479,0.26270220603114475,-0.040239031257243395,0.25215000999452175
480,0.360572635550261,0.04020487275507874,0.3074471803041664
481,0.3025518996466702,-0.05948341362643937,0.16808323232676534
482,0.2008731360718118,-0.046050200683011216,0.19115720099753883
483,0.1532652245909389,-0.05406600297669406,0.2434993337429026
484,0.31014821284985206,-0.004679086874665778,0.24709798848261
485,0.23485166943795469,-0.04470450140968798,0.28313545644359894
486,0.1526892742551277,-0.023438296155476625,0.3375097134862872
487,0.1738240298442428,-0.05611323135495353,0.3107991406614122
488,0.2519456782708989,-0.09348012055724897,0.3183423455419331
489,0.2655552046049429,-0.0181598089972732,0.32556879437791114
490,0.35611158463993325,0.030723102945029755,0.38457460202830485
491,0.3855853820797214,-0.03329011057277597,0.28190437755636394
492,0.2708731434465272,-0.03650248209472729,0.43484890734256715
493,0.24344805886839174,-0.02387164946370562,0.3028607685892811
494,0.29193433686363424,-0.015460939867514217,0.3316787626571126
495,0.30218336629721043,0.053289198488373705,0.29627821683386774
496,0.2910719000147165,0.13281889085963,0.298967895618247
497,0.5615313675211947,-0.057648169428423365,0.2721278725333391
498,0.33997929407440747,0.08232371481462965,0.22437662127957114
499,0.25815724173595345,-0.018752334282935365,0.1855529806192139
500,0.26277051071050384,-0.01702490535217188,0.2587201301407063
501,0.23953717668991956,0.006070471992857825,0.22849873420331213
502,0.43518709428808106,0.01717116327899238,0.2985429595065348
503,0.29921231329975684,0.021157386267353816,0.20077457855526015
504,0.32815587026452864,0.033973003739643244,0.28748207197005365
505,0.17366413139018075,0.032463737753373634,0.29309783355323393
506,0.23181694863995014,-0.025193322942184,0.23727618639414882
507,0.5898152162672039,-0.041405731928247376,0.3307421775335443
508,0.01704364659963497,-0.019990887515686836,0.3166855361933388
509,0.3305236775535798,-0.025381576338936594,0.2948867266876436
510,0.24104742262125173,0.06101405438684265,0.32748527169837344
511,0.19586210095917345,0.04771602899235449,0.26986924377898447
512,0.39070483709663106,-0.09228751556818193,0.32622562041910785
513,0.1253627115862502,0.04866710339133684,0.3109808507158667
514,0.3007492490170315,-0.06842106134137095,0.27893255238309084
515,0.3146403480462505,0.059669751512454634,0.32843041089768105
516,0.19021010383861472,-0.02447371218618364,0.2747895360510802
517,0.22772654202741993,-0.012940535994596122,0.2650895306229694
518,0.24812426054121695,-0.06345907866160409,0.2674723307755017
519,0.3635261964586289,-0.06466511567947103,0.2583392927725747
520,0.3456258965411212,0.08646391263879562,0.2839163868576177
521,0.36978152623930505,-0.01240502185470751,0.3186556950855201
522,0.34124008450600496,-0.016175842348111393,0.34586535742493724
523,0.4596017414272107,0.008114691377230877,0.32935416646331156
524,0.23331776376036906,0.006366364705674766,0.23307356941572305
525,0.23933969398279728,0.09426809016772036,0.3157526878883232
526,0.1660642155859197,0.010878247734254746,0.2065350004464919
527,0.21288827561951543,0.1118561813142251,0.2788409646176045
528,0.3717986643033561,0.0428746729062353,0.23304761114720474
529,0.1100644471043573,-0.03753444307263385,0.25618235276548723
530,0.14931201341828804,0.019219645236104636,0.28552081694198134
531,0.22006776231332859,-0.05506478583736728,0.3350055220953181
532,0.2272039340011591,-0.01573216794351104,0.3182513033907526
533,0.2442064483788006,-0.06459354304148021,0.19440267545609705
534,0.3066291141326667,-0.08566915455852396,0.2726202242541553
535,0.36739708419705147,-0.16874089731557113,0.3129156146379971
536,0.254139088265743,-0.0027579500186361637,0.2958898340191811
537,0.29252969565822967,0.013288675593889389,0.24600673774486378
538,0.2425109707462237,-0.045742964336087405,0.19879683549677443
539,0.2441248463714488,0.0026789204562955873,0.2823656823682893
540,0.24586896896119348,0.05011681790233148,0.27259636045507013
541,0.19730513351908913,-0.006755773053983755,0.2634137415566477
542,0.131483530601724,0.005738311003393235,0.24105777965392022
543,0.28948542728610754,-0.12691884314119764,0.32720490869680413
544,0.12738102799167686,0.02604009582153523,0.22113023840542143
545,0.169013648518046,0.008083838562641166,0.29766206071217943
546,0.21099877560066824,-0.0008970303495438878,0.30604225329127877
547,0.4332334562846602,-0.013725964192176221,0.17554709323398107
548,0.3494878585221142,-0.003529250571621175,0.3893826314131933
549,0.21210949353958086,-0.05002691975115275,0.25162016758923045
550,0.32987825522733183,-0.03235373318624085,0.32191126979031215
551,0.29531197579060253,0.010418377027792664,0.2193368295102608
552,0.1723859748100823,-0.05943046089564796,0.2746610466869167
553,0.20408573594749024,-0.020158920945002917,0.19039133080462567
554,0.35999310050643873,-0.06417881768495441,0.2765936100779362
555,0.36124472870116975,-0.046513475519212914,0.3303658960349855
556,0.3912151788007456,-0.00729681311946915,0.27358400755739953
557,0.2079314399111656,-0.06518593711660459,0.2084793919968523
558,0.2549347316863134,-0.08304939878762362,0.27111177805703246
559,0.314916747045247,-0.07745943926321128,0.32242072041533104
560,0.43254224867436236,0.005265808500474211,0.19994712858964594
561,0.20544096970035974,-0.15698335023236318,0.2870460437027839
562,0.16108463784764027,0.08801708350336045,0.23628181761654585
563,0.2574816960667257,0.09185645783688585,0.32923897289875825
564,0.2323598935565474,0.10936075490142358,0.23379214313506524
565,0.355799050674831,0.07015462611317604,0.3201211432838383
566,0.1579324023609052,-0.006784263428070447,0.2931913861294771
567,0.4648410780661447,0.0457479725289216,0.3601711443300874
568,0.28205752676583207,0.11145250222652513,0.3313808212971174
569,0.2677657510535787,-0.00612884959829772,0.3444969513640619
570,0.20695059705066368,-0.20376366975636517,0.3066976257287853
571,0.10818716185189982,-0.10333970971214827,0.23852240972060743
572,0.22692846488093638,-0.035874210714930105,0.2595050412167729
573,0.20449228994769308,-0.02612648636284841,0.280481247890662
574,0.3604204493768294,0.07853500467429218,0.2564470424056478
575,0.2381491233464175,-0.021132928501979273,0.23516443017078897
576,0.07536983574786413,-0.044432645733388156,0.3099516680323441
577,0.2775726649365118,0.10017344332619357,0.27537946456909257
578,0.19075694303941837,-0.03070733945290064,0.28998222126636414
579,0.2138516701642638,-0.009230697152321634,0.24678545672554777
580,0.2591866253929214,-0.07321759615636111,0.31906721978272107
581,0.24227874347151318,0.01374273848126491,0.2434581747179389
582,0.3528126308183987,0.013130935348961153,0.2846036280705465
583,0.30220758388723573,-0.04911018114154737,0.22885239268373364
584,0.2714787908061236,0.11421250561608286,0.40480035673657394
585,0.11436152742778703,0.07359216287196711,0.3021125352010536
586,0.36927696140465643,0.07122126061382429,0.33042219182417537
587,0.3134162180421829,-0.04058375632403112,0.2687531115278625
588,0.38627075994948223,0.012542652857711226,0.3034473570241509
589,0.4933424982314726,-0.006976078079004103,0.32062586548786165
590,0.24185987848130752,-0.035112695562034335,0.33540082103006547
591,0.1615016976502955,0.006345283352115979,0.2486542186386608
592,0.2804773370822399,0.002311776482206617,0.34620985237933416
593,0.2832922441008269,0.06545496288910965,0.24682205432549834
594,0.3723322079181291,-0.020513891790270605,0.20541208785710752
595,0.24458320525066662,-0.09005139851758111,0.310249182562287
596,0.40992066784572667,0.027963532124725365,0.3311554994464082
597,0.2469574010323302,-0.12269760814300593,0.3611126249602947
598,0.36212990254771604,-0.042543452597181994,0.2788570898932178
599,0.3353982969469874,0.17921753139887417,0.37336018886075645
600,0.3155975465205125,0.04027827037541118,0.28020391533486083
601,0.32012080408829685,0.0298064478906018,0.29594338319886226
602,0.3617445547708742,-0.02045970009384044,0.31306526225106024
603,0.32692827484430065,0.10620875358160066,0.31405154397071033
604,0.3649581543493732,0.09590026337637515,0.2989368892772615
605,0.3046814719961087,0.030956179081530928,0.28135409027539415
606,0.4407612049261743,0.12592932551271166,0.34652936541040874
607,0.2569524856091249,-0.20265483789359026,0.3103095191898396
608,0.3676872302748756,0.07927808156935028,0.3771859787157656
609,0.25050621886991065,-0.056695155690026276,0.3262248967877975
610,0.2172855461224818,0.03265917988030174,0.2614883392060492
611,0.10427087505906917,-0.019277619422245467,0.22183317553776022
612,0.2775909065029533,0.0374884153080706,0.22029985471972635
613,0.20624242662236555,-0.1068558202730835,0.33999383102517416
614,0.37305467703190515,0.012336554675767218,0.2793402115025866
615,0.282457122231426,-0.0753429434026572,0.27677333938471105
616,0.28653921868579246,-0.029143352459227355,0.3163994858835144
617,0.3006135954767896,0.07139601247347359,0.22634333424358796
618,0.25657235858897093,0.020138880241577544,0.28830916669464995
619,0.3981073978700676,0.17195560758273598,0.29880167989335826
620,0.21249685230207394,0.05391164454497262,0.2898967937275807
621,0.28596598414638996,-0.016024460132669557,0.3116532159846301
622,0.38397143956519125,0.003444205089357434,0.21215486580369666
623,0.27772849374916403,-0.09053111533521747,0.3404796856392117
624,0.23171047793589722,-0.0894034506075596,0.17922771017454078
625,0.24539943572410503,0.05889611340504229,0.2851167790380556
626,0.17703015121560378,0.056216394101978054,0.2602878528553989
627,0.14706813400906749,-0.031151440944672423,0.2933756651963576
628,0.39923617652852306,0.1720085955064729,0.3031417783577366
629,0.2891137322767165,-0.026290062149600932,0.2923103811581268
630,0.32313149689766923,0.07021378253785222,0.25029648067021343
631,0.4224655070844905,-0.12307771991154333,0.3727020291765313
632,0.34189050557596284,0.10840983662065906,0.30388839658359795
633,0.3771505248620526,-0.10787258759884383,0.2868534262226705
634,0.4581728041004503,-0.004057220377994982,0.2899981740490875
635,0.2897420934680791,0.002932061465070994,0.3009464453992852
636,0.3549518048162596,-0.016308920095561143,0.33284530494267967
637,0.2970438883187403,-0.11078998209574456,0.27720276105154135
638,0.3656337669013971,-0.03324203307988436,0.2408897451667175
639,0.3879388698201131,0.027908359033186884,0.2736577298108947
640,0.33679224281390063,-0.1290165955379852,0.2597717713497754
641,0.24285121011754462,0.10968081711890729,0.33383963496078845
642,0.25009478111660816,-0.016537220855828497,0.24070709372380314
643,0.297935652236494,0.016761371493502465,0.31037300788855876
644,0.3023190983346914,-0.0024154015541278987,0.3717259157983793
645,0.29728500016667264,-0.005580991578359578,0.29210939747546305
646,0.297291610484888,-0.11105265972656703,0.31807646927558936
647,0.11893035525276663,-0.016509214690851377,0.29415901873500017
648,0.24195873844992383,-0.016927599165681838,0.3354832693162848
649,0.24957772022384875,0.04262142394197857,0.31677650862009693
650,0.33559768638270376,0.02564354092329574,0.30072829466767464
651,0.37471706841263214,-0.12365282122266133,0.3337233049330365
652,0.17489401390685155,-0.06406213618344153,0.3075138618602602
653,0.2557811645957593,-0.010630946192959678,0.26362538286447024
654,0.3404474849458654,-0.0284679236429583,0.3356357571103492
655,0.4406814186627242,-0.05021428005307861,0.25779170897006043
656,0.245720715331849,0.01670636324364898,0.2825983434763276
657,0.3175673270111104,-0.13985124287504083,0.27361268513138526
658,0.3590791022819191,-0.1616109011506706,0.36659412784379053
659,0.35238763870022577,-0.06111181219867485,0.29660051411369
660,0.3669823298492939,-0.05789367995270125,0.2919995506022454
661,0.22182419062728906,-0.05485878591637919,0.2297303277012137
662,0.31188667959633803,0.0815375669360806,0.25779086645254007
663,0.10774584034390922,-0.03486066147242503,0.25989700337820376
664,0.2840174003627981,-0.026708444492195716,0.3312034352517667
665,0.16591373562498568,0.05550161069258979,0.27861133671389726
666,0.3474877401375808,-0.22401988422914634,0.3209096093205039
667,0.16003392526325969,-0.03978495828691629,0.24778604201648036
668,0.2258031002101763,0.05033705193777966,0.3368158764004239
669,0.3617501529254664,0.08870896413093123,0.30381667846032023
670,0.23067046276954378,0.01113367812014808,0.3666382864248166
671,0.3220842417876765,-0.07891404803344873,0.27632217880845406
672,0.26090148208543823,-0.009109868496832645,0.36249289967576925
673,0.23830486007659712,-0.06908665355027628,0.3541609400075546
674,0.34195969242223834,-0.07625569820329389,0.2785801809473041
675,0.22966069197600994,-0.036519175769968944,0.1941723410525378
676,0.27127334522322033,-0.03410651973277043,0.26352535154508966
677,0.2692143292189925,-0.014046158172143568,0.23272708983385523
678,0.2608138935914722,-0.0986610798123746,0.2300422245057661
679,0.4485507283589829,-0.007407196105905567,0.2957884256820061
680,0.22279561429140654,0.11071438483581958,0.2783682879780134
681,0.3724617927065236,-0.09884385197837055,0.3006769389066549
682,0.22573472570842637,0.025872278065332068,0.2310822442841848
683,0.20957769088798373,0.008426588548738977,0.3126744026899751
684,0.31760534668325796,0.14617507811141195,0.2491712646102077
685,0.2929002282975394,-0.02214291780123277,0.2767849044567164
686,0.31602051519427315,-0.08362825485448996,0.300435396756917
687,0.19449716982179227,0.06941149079710435,0.278708701450249
688,0.2545308221971437,0.07767744101834835,0.36778762378295377
689,0.28857839082867526,0.0956222514022912,0.267963857071071
690,0.3147957206957141,0.000707530997759094,0.2020294596113248
691,0.3484730446320996,-0.0013095767421916992,0.3292665749937714
692,0.23258069854653257,0.11022932360837331,0.24687313806683803
693,0.39915770093198377,0.05913031843173834,0.3304189973572809
694,0.23686461920227128,0.051986563330106865,0.214445337222232
695,0.1550503509370933,-0.04144480093770182,0.26846848893095
696,0.25919073926793396,0.004445879876324548,0.3027698847552175
697,0.13653518541982257,0.024880546393892738,0.23526097042028657
698,0.2941270848458669,-0.07507591657540957,0.2742897441787535
699,0.15749595776229713,0.04286632623037808,0.2942119412750628
700,0.12672187926920406,0.06807096757920257,0.23891798459209776
701,0.2933873466358537,0.0004558661045444693,0.2260173122097452
702,0.30056341135790016,-0.07518574120446146,0.29519629674155073
703,0.3019504803500812,0.010827337921848586,0.3159170266897913
704,0.14098456632614773,0.06810198681347203,0.2994951983260988
705,0.25073544141649934,0.03162890015348714,0.2982158989526679
706,0.16436655799060165,0.0019492509621404947,0.2345467557374246
707,0.3000804799672462,0.03742664996556617,0.3915831136630006
708,0.35290797017921693,-0.00892171535714198,0.28945119358021315
709,0.19902449388204296,0.17501397685326633,0.3098305701841855
710,0.24301330491872858,-0.09644520268360422,0.19956106884639044
711,0.15592336847387142,-0.09307769074521677,0.2716925208162866
712,0.14547406494830534,-0.08909850198697927,0.27109857626590506
713,0.3750604716731118,0.026039728690825926,0.3249943235615056
714,0.5082563414395889,-0.05702264220662098,0.31177666144498417
715,0.2206788604985035,0.07265347391654672,0.24137404051062722
716,0.2443435395919708,-0.015293971301992733,0.34863323182242606
717,0.4382730376042365,0.0011899369288482329,0.33320500372696793
718,0.2461314182186332,0.1095955421360134,0.25156330391190335
719,0.21776482730127852,-0.04114370550664269,0.1864498069724324
720,0.31929525585849033,0.06145255819940483,0.30105182683719695
721,0.2399744906718177,-0.032325152113632245,0.2621379157229264
722,0.30578172721155716,-0.005714295804605571,0.2624361163106363
723,0.266121614614587,0.04418852663580559,0.2536790344695344
724,0.16477483080505628,-0.08027780404108593,0.1858293764313289
725,0.28599124178604046,-0.1253082058866928,0.3526661553571979
726,0.4289183813937468,-0.025030094436607406,0.24067400773220782
727,0.3631596406544442,-0.060484715490208105,0.25908983417944664
728,0.13740868760734887,0.08287339985161031,0.1945703480096378
729,0.3955873222072188,0.10092041844874447,0.30993447205039854
730,0.2629213177536327,-0.035881119526126264,0.3573626891525837
731,0.223427049089127,-0.02044740221668381,0.35100553495402415
732,0.4007069332108513,-0.011939581114439749,0.22570767531356756
733,0.35599777553462003,0.0013057068102843186,0.2317266050195573
734,0.3746719938454947,-0.00943694875591746,0.29043030488078764
735,0.23793194964392478,-0.057985610335771105,0.14488944999397646
736,0.3322462285214715,-0.02806354924620677,0.31904390693756934
737,0.21576076191886542,0.025701862124494674,0.29416143861557215
738,0.29841463193246964,-0.0005883682933523151,0.3096908516441244
739,0.3097816122568567,0.020929314533860675,0.15477750787098318
740,0.11476775072999426,-0.058806976102235564,0.2539844958232055
741,0.3620071322756439,0.015118187955878775,0.2502447060388462
742,0.28565958570696504,-0.1021587456877202,0.3442895669324304
743,0.07967271595939539,-0.023823123002550992,0.4149906766308998
744,0.31124671377727414,-0.11524442820369246,0.23672017249631633
745,0.3347163768169576,0.19504523662211296,0.2452535949858132
746,0.2907350642799007,-0.02860708463678955,0.2245331230135459
747,0.13164316323999486,0.08236816963168014,0.2851430611498386
748,0.35048000852031036,-0.044115692892304395,0.28525505632967224
749,0.23901306942156308,0.032293541553668814,0.3177210143017649
750,0.2822413709000483,0.0523118326364271,0.2785554792962243
751,0.3481560233025501,-0.001033702261153663,0.33302888896405036
752,0.42550626241454986,-0.01414996325668659,0.36172637458182866
753,0.3139522820238027,0.01869709957251187,0.3131429311508851
754,0.28907717865932653,0.10774321718202698,0.2801116263430024
755,0.2993300959563348,0.0063935523352941,0.3279583417050963
756,0.16118177212579513,-0.14299653091448375,0.3412862971819708
757,0.3343777453721565,-0.09684120797767143,0.3372121295102646
758,0.16199787661832812,0.0689066355040331,0.23581032376297384
759,0.32154515869999245,0.011836292476189305,0.2750572851187119
760,0.3000170193353105,0.03221534899304015,0.26465317184552783
761,0.24606962492629197,-0.08483631399597216,0.22483928094155128
762,0.2850102161693545,-0.016183610307616756,0.2686487928934664
763,0.21494402427068726,0.03572767998454858,0.3109387346844211
764,0.37705999411616087,0.045988161451111585,0.31994195653505836
765,0.3661218012064461,0.018569693747396178,0.29107899222698297
766,0.29740679793658953,-0.030146121336961037,0.21873209081530998
767,0.2724913404959152,0.021070843343027838,0.24303096429579263
768,0.30490509998847337,-0.014852515830187712,0.2945781401681687
769,0.15797020637721274,-0.0024299277842366918,0.266547043385612
770,0.3881334547554695,0.04218808159381064,0.2576494192947641
771,0.26174624613564157,0.04034705735729328,0.2286152175774246
772,0.2927479504319513,0.056030582621421146,0.23677776833604694
773,0.3325278482945298,-0.029217769139440086,0.297956733007797
774,0.26034911188736826,-0.08424861670372902,0.24796961507537196
775,0.2267117947176477,0.1422290918417297,0.2556442198884631
776,0.21424365411843174,0.06892314131358272,0.3169754259115978
777,0.19028645896497443,0.04929419759470564,0.2651268161984731
778,0.3063448443957772,0.03196328652896413,0.3464943707092718
779,0.23475778301846578,0.11372018802441367,0.23303235916082657
780,0.37304231180684594,0.01656696970893622,0.2622025000674966
781,0.22135355953816183,-0.07186927535647798,0.24987006155397376
782,0.26045333387310166,-0.014379961515362109,0.36263326659956724
783,0.14587085538698896,0.03756739262131056,0.3031279022873568
784,0.271237356450533,-0.004139494927488779,0.30594652179925913
785,0.24300220880507778,-0.024261070927827803,0.200238955957702
786,0.09560595938038745,0.06665148099504586,0.3030890140814263
787,0.41344316878402537,-0.07018448488563442,0.32820962323916797
788,0.24789373511662285,-0.025871536172409337,0.35192673296441923
789,0.29838566882103756,0.06438282484885313,0.3522890810437544
790,0.2353895693536991,0.0731156958950412,0.28163351352985005
791,0.3084951384530151,-0.07811721069815851,0.24981426711364013
792,0.3913881859103764,-0.000927159549424442,0.34846950749688654
793,0.2967612673261357,0.09651325996905552,0.3789055782522623
794,0.15605148394591895,0.060958542657628643,0.31679028910362267
795,0.028687382907816507,0.006160602297677859,0.24403949272268624
796,0.30143409779367625,0.036428293388961135,0.2789906730778005
797,0.11968026251245184,0.10288022103329195,0.31237159430967093
798,0.20952310688680703,0.07606885062174068,0.18667358269063253
799,0.34125415418851923,-0.005725375395809546,0.31429787635808704
800,0.38031508312966206,-0.01688904385006361,0.18250654651533513
801,0.26375886844181545,-0.019563602063699777,0.30957114050853907
802,0.1496388423719797,-0.03566589198659799,0.21335776362944373
803,0.4065077517884574,-0.047574508949314684,0.2972196264159794
804,0.30484684195240735,-0.002152716578281549,0.26633077247857423
805,0.362511554743697,0.0292141726838108,0.2983880599641415
806,0.19342470387378216,0.17778646683974453,0.28784132790305245
807,0.028340726009654954,0.02014058586634365,0.27189311715554704
808,0.31605433485420176,-0.03605948937893839,0.23433396256525504
809,0.33552758771724955,0.035453891909830955,0.3014716791915003
810,0.267665558623608,0.0381912663462842,0.22307455728351572
811,0.3498179970747764,-0.055675026614808484,0.2358513014017641
812,0.23985191439156597,0.007155249276848593,0.28709325398882785
813,0.29114365344823795,-0.05650846140368473,0.2829587543637189
814,0.2612037798798872,-0.05760156940093768,0.25987076248623503
815,0.2794529037767876,0.022633859157701525,0.23475295155416614
816,0.0966998392815162,0.04659383176782214,0.2036186053300788
817,0.18656368795976488,-0.06522123975531527,0.2856094644257307
818,0.14303974440700137,-0.01943467444807062,0.2493349369301359
819,0.3351079247068335,0.06112881074279885,0.24498412111390502
820,0.3542880743970322,0.017116675720438863,0.256380584065531
821,0.23773525993025574,-0.08782630279741963,0.28884638019453607
822,0.26783192033002373,-0.0838522750809958,0.3755948176110198
823,0.2571661431528837,-0.04695923178371199,0.2865009222900145
824,0.16711747846910746,-0.009281745749586212,0.37652233627509857
825,0.2617897365404039,0.003993938732792004,0.2767231402297775
826,0.2507934960633948,-0.04075068694059351,0.4010284443086943
827,0.22421781281279254,0.13265620004135056,0.28169047762851784
828,0.15772000321603086,-0.03815009801396833,0.26379027409319183
829,0.15665762967695243,-0.044665738504762444,0.25357629308314117
830,0.2963098489842326,0.13096490487116672,0.25294708579559927
831,0.16406212102488865,0.024568448612477593,0.21049822170628274
832,0.39100351258728727,-0.12890966808617724,0.3160303539952382
833,0.3009083471339143,-0.04200714120130217,0.28173726532464355
834,0.19550041857557077,0.0027982180884513126,0.28151235037922856
835,0.09865603440202954,0.045101263172502855,0.21977522536249164
836,0.31112976638204654,-0.05293295018172223,0.26479072475947385
837,0.3632037673188364,-0.04269516381897367,0.3381585793288536
838,0.24539729493152596,0.004347416928180751,0.28338723188446485
839,0.2973762105826912,-0.05246773401426149,0.31804863814647016
840,0.31157882541848597,0.0700746711552254,0.27142728581157494
841,0.32653133462239664,-0.017194565271008398,0.2702190460757174
842,0.254141840076851,-0.039862245323795606,0.33030525355485385
843,0.1929741624529023,0.005521324066874202,0.2342683081982975
844,0.16826104071369002,-0.09366637085925891,0.32482421051381766
845,0.3141780180983381,0.06290660906901915,0.29593377817375477
846,0.2889883920051555,-0.030125451923347965,0.1983416691870904
847,0.19164736046746247,0.05700101445915667,0.3069197971988412
848,0.2515295932294173,0.05626440554652253,0.3394848498355634
849,0.1794112773036848,-0.0009108474406285134,0.2243163808937606
850,0.2069343541316034,-0.007402735571094445,0.32558238929372135
851,0.24276591376302323,0.10548083517780082,0.23266957141136918
852,0.30681727166362704,0.01312902143531522,0.37788335963320757
853,0.3173461218089622,0.1688655122347316,0.3003764826874253
854,0.30907641725045226,0.10418861264215695,0.3010262987308216
855,0.25468172204331063,-0.09751341768640881,0.2559229850183386
856,0.295960759346224,-0.03748458518156744,0.30955656663633574
857,0.4141670039442053,0.024504147560265383,0.24601773759575501
858,0.43833385348955844,0.10544828821326349,0.3260295067683097
859,0.2903602872588314,-0.02945795125490733,0.28231132313709273
860,0.4198829107854535,0.037995273717666395,0.28298351578564973
861,0.18337104937125698,-0.09114216066565965,0.27478604713473653
862,0.2492235482560717,-0.12591364226794483,0.44492692397507133
863,0.18330079555810555,-0.10389983344072055,0.2732316122990195
864,0.313070642952291,-0.02144714414753536,0.20329923626528104
865,0.1764292332498439,-0.03185233136617313,0.17844285339870714
866,0.2602426221492211,0.039338908794387784,0.2820164257655578
867,0.2773697232442951,-0.022693914196422534,0.2496341178694419
868,0.23450587138496642,-0.039816964589733606,0.3274346289669251
869,0.3631065809073831,0.0929475295414639,0.19125454120550653
870,0.31706528568705616,0.02656250520122592,0.310441972083931
871,0.2941117589628112,-0.10329986841232626,0.3179384641848861
872,0.25507277710164056,-0.004617511989707577,0.27176069172774575
873,0.3441668737440532,0.050434254754780174,0.16678159024030773
874,0.20078970774309318,0.10101324335117476,0.34128574907467396
875,0.2758391516422273,-0.06478853758612554,0.21006112291718848
876,0.3223744231442347,0.02471982479568523,0.31862995329436467
877,0.35412780151080875,-0.2135145670240016,0.339417963313836
878,0.25931646445346335,0.12883058323889365,0.20855292551929175
879,0.19142709324172877,0.043890707482251205,0.25209202685225895
880,0.012531889716402973,0.039748758039062186,0.2550441421726679
881,0.1271945475607853,-0.0038088000213886207,0.26504895302108145
882,0.383357767298465,0.03056565452657547,0.23789019363063374
883,0.20982191293408003,0.07302888108616895,0.2917240195089225
884,0.21738761475552015,-0.038814536316430226,0.24283838118849976
885,0.3254738075660798,0.017142789488047473,0.33523560531603813
886,0.30575126689182525,0.013592669429401145,0.2365734571586792
887,0.31925703386322996,-0.09196402783789798,0.22208954908214878
888,0.38827436721843606,0.11330700939097417,0.2866745944263866
889,0.3051030322195986,-0.05466027259646945,0.23287359951713152
890,0.2606203783507663,-0.04410560529234055,0.20338181152912915
891,0.3066356499750917,0.03576299501232086,0.313397239281722
892,0.17918567023015186,0.042047230709578894,0.3822083205131925
893,0.23258708462676217,0.04989251125738702,0.27081689653132673
894,0.2469796507576426,-0.04032976379916904,0.2324054348232257
895,0.2963515399052398,-0.045840786388840274,0.28054987444077606
896,0.08542510342693939,0.002555776876254075,0.24810975655445172
897,0.21722657876034213,-0.0019689690687446815,0.27802556537036444
898,0.2314257610538623,-0.004177381061617984,0.2537429127709559
899,0.21929369729152862,-0.09683066548153665,0.24672908699510396
900,0.32819221408527455,0.1993803552157037,0.25005228245597444
901,0.35009202137093637,0.06295344237048525,0.2885041426339717
902,0.18063960269579318,-0.08078273222761043,0.3235147285981371
903,0.356002393696139,0.08172807285947861,0.36996961267574013
904,0.3124953717847112,0.09975117246309588,0.2540561789762723
905,0.2749134168339191,-0.0832675189705494,0.28775295726983346
906,0.25957805297185943,-0.05352565861906308,0.2482530833315729
907,0.24617061760644934,0.00010458275748925406,0.2505442243797676
908,0.2283270617955917,-0.03929447130189602,0.21038041062825855
909,0.17589545887770885,-0.028303000368093703,0.3462252206864987
910,0.1543725116636074,-0.08945636953858717,0.27770907555753443
911,0.269967640152276,-0.001412331179889406,0.19406512849238636
912,0.22017261106435537,-0.12046305155257607,0.26903627002244407
913,0.19082004984341966,0.041417841948205754,0.2419609567664946
914,0.3685319991139965,0.014250408190584679,0.28103523289036836
915,0.2632026648130431,0.02294321314870973,0.21337398269909014
916,0.33140193152095176,-0.07970260200241522,0.2712780942597497
917,0.2797271616986163,-0.1477886201598867,0.27837646943306393
918,0.36510531702323307,0.15254767061013882,0.27921714409742915
919,0.24587198830134815,0.05639020449250906,0.313481558805677
920,0.24592070742853991,0.04937222165382798,0.2856687918852163
921,0.21382669389120992,-0.09873998477628118,0.2096196214579087
922,0.47417039398001165,-0.11578258452516463,0.24612090620861105
923,0.40259046004564597,0.03491818378694308,0.2514691145133038
924,0.1625931550155069,-0.07198711553921372,0.24597952183160848
925,0.2675518727929871,0.022691352408538364,0.263015082892856
926,0.09644730285757243,-0.021784987848121398,0.19490484715939804
927,0.22456190559759634,-0.11216867300581221,0.25986731306610017
928,0.3254526866267364,-0.008105194834243214,0.3427869469254036
929,0.18260574633087714,0.009729114381885269,0.3282591304186218
930,0.3924454579011973,-0.11750114685905078,0.34634820357323687
931,0.31833301469974856,-0.042685711418525764,0.3392295122760184
932,0.26058657531250123,0.04244798502004562,0.2557196926470982
933,0.2542367149183267,0.0230008395681081,0.23440601266956668
934,0.3395390126601092,0.009836057584245559,0.3229684931115677
935,0.25758296114512574,-0.01715622437503511,0.23253429171260231
936,0.1924684345230269,0.1566027933755627,0.3082642534210237
937,0.1817525499506491,-0.0820005217055596,0.2857822688638225
938,0.3051687137950962,0.064756829896721,0.18256634897644522
939,0.19854153882195363,0.0012231507244499485,0.33110806601573284
940,0.14959580592606375,0.06974520035448493,0.2671353509046524
941,0.266641360084794,-0.0936002211129696,0.3396172511066566
942,0.20096359198696467,0.01797160358723333,0.2719831254103063
943,0.10669664232777956,-0.07814851554924175,0.27894045763613323
944,0.19189067842841348,-0.031386150093229676,0.3605331190229449
945,0.41193291696989365,-0.057803180761029686,0.24837964703294382
946,0.2301232042520157,0.01860553504498339,0.22448614422903138
947,0.13219470918884627,-0.11971253882351836,0.3224054954135391
948,0.36715430898950735,-0.0097901490599928,0.3027002682477338
949,0.21128665409090366,0.04535410626412604,0.32371396838600947
950,0.5112993973074491,0.030403817421705767,0.3360647602817259
951,0.3753070462775268,-0.030884075104237057,0.3132110401694509
952,0.27329826629214793,0.013523807485705907,0.25480793298714777
953,0.32193983643355434,-0.01693075768599832,0.28948300805047217
954,0.27994994690778024,0.028319059928625216,0.30947197739057636
955,0.4264826241711145,0.013244301025342704,0.3052593241840179
956,0.21547131021351962,0.00949872934513297,0.33112010918753776
957,0.1385154165744608,0.05016390284165677,0.28238710162759356
958,0.20809131787491805,0.09152721737915494,0.36800321868737723
959,0.252354848733093,-0.05338517726062589,0.31162193377713476
960,0.30380107327836225,0.06947498032055426,0.33479173848814037
961,0.0862628796966861,0.0499857418249749,0.18872662984575583
962,0.2541595858086069,-0.013078196253033372,0.2647281447719139
963,0.2734712145677677,-0.030904896169140987,0.17685167279249944
964,0.2110993967743968,0.09453065046490189,0.3185192741955475
965,0.40732323624260225,0.07725503665939751,0.3363162642708051
966,0.3189040837634684,-0.08377726779464643,0.3096126056310602
967,0.32367540044148474,-0.0800674142615744,0.31229857704941116
968,0.30356388256848316,0.10009128011069177,0.2711920686094318
969,0.3863411896637838,-0.022606578161798313,0.19220896098489043
970,0.16666450347595527,0.06863578323884333,0.3170053424440454
971,0.2096636557364009,0.013772684226721406,0.2766255518267321
972,0.14164795392362212,-0.03885734286783909,0.25493913940381385
973,0.1888120473225938,0.02289698963518169,0.25783607175217144
974,0.3252488269612203,-0.09682043399975417,0.2167134501098315
975,0.29077452200586296,0.014336135249757468,0.2770381953745252
976,0.28575411984612525,0.09146206724692105,0.245306906209678
977,0.25382486338057436,0.07259671892770854,0.2841667021889151
978,0.238324306208523,-0.024075905172323938,0.2774924206781099
979,0.34708645794755094,-0.021192362813964326,0.28222053638625094
980,0.33445729917914835,-0.06742587682711994,0.35336948017724834
981,0.23597075039481982,0.03201233690513619,0.3162020328912224
982,0.33656941452895417,-0.08218478851601815,0.3370721002347699
983,0.35105554428807323,-0.00967202473065231,0.3373766174202785
984,0.10395102218336127,-0.0004521170641442256,0.3773927224709022
985,0.03084822568987397,-0.005784402126014481,0.3363861802682751
986,0.1548926848295684,-0.09225071441367332,0.2708918030654369
987,0.4756480873545297,0.10234429837491149,0.3420965782671138
988,0.2447148016367859,-0.05517262281663365,0.3529457535088855
989,0.2363628123821023,0.020882234305395053,0.17396559429539005
990,0.06859600137905142,0.049400618991056654,0.33680283198170297
991,0.3300084535785557,0.04970252566487742,0.2561917764964352
992,0.22104056992875573,0.05783637080622496,0.23305605952283964
993,0.27627284769679483,-0.04995005942104271,0.28948364316289044
994,0.3607217933334439,0.04357570870484614,0.2812145886521163
995,0.39310091384649537,0.10555617186172091,0.301059795314258
996,0.35709683642565987,-0.0938023296535986,0.3720058596947654
997,0.13136837059097334,-0.027914657781148284,0.2043680574173296
998,0.1858882287515964,0.013324876061506443,0.23127232392920574
999,0.18794799677715954,-0.0636451286660942,0.24139756839526877
